variant,n,rep,seconds,gflops,cpu_over_wall
numpy,256,1,0.000516,65.016,2.50
numpy,256,2,0.000333,100.661,0.93
numpy,256,3,0.000183,183.166,0.93
numpy,256,4,0.000295,113.623,0.93
numpy,256,5,0.000164,204.040,0.93
numpy_1hilo,256,1,0.000811,41.397,0.93
numpy_1hilo,256,2,0.000785,42.734,0.93
numpy_1hilo,256,3,0.000766,43.828,0.92
numpy_1hilo,256,4,0.000646,51.951,0.93
numpy_1hilo,256,5,0.000639,52.497,0.92
numpy,512,1,0.002281,117.675,1.99
numpy,512,2,0.003723,72.096,16.41
numpy,512,3,0.002174,123.474,24.17
numpy,512,4,0.001273,210.901,0.93
numpy,512,5,0.001442,186.166,39.79
numpy_1hilo,512,1,0.006141,43.715,0.92
numpy_1hilo,512,2,0.006197,43.318,0.92
numpy_1hilo,512,3,0.006080,44.152,0.92
numpy_1hilo,512,4,0.005550,48.366,0.92
numpy_1hilo,512,5,0.005526,48.575,0.92
numpy,1024,1,0.025491,84.245,15.76
numpy,1024,2,0.030119,71.299,13.46
numpy,1024,3,0.030389,70.666,15.10
numpy,1024,4,0.024104,89.091,14.80
numpy,1024,5,0.026012,82.557,13.46
numpy_1hilo,1024,1,0.042456,50.582,0.92
numpy_1hilo,1024,2,0.042895,50.064,0.92
numpy_1hilo,1024,3,0.042421,50.623,0.92
numpy_1hilo,1024,4,0.042334,50.727,0.92
numpy_1hilo,1024,5,0.041855,51.308,0.92
numpy,2048,1,0.266428,64.482,14.49
numpy,2048,2,0.268486,63.988,14.46
numpy,2048,3,0.273265,62.869,14.34
numpy,2048,4,0.256676,66.932,14.38
numpy,2048,5,0.292326,58.770,14.38
numpy_1hilo,2048,1,0.357970,47.992,0.92
numpy_1hilo,2048,2,0.328600,52.282,0.92
numpy_1hilo,2048,3,0.334725,51.325,0.92
numpy_1hilo,2048,4,0.338434,50.763,0.92
numpy_1hilo,2048,5,0.349764,49.118,0.92
