variant,n,rep,seconds,gflops,checksum
py_puro,64,1,0.009498,0.0552,1.413750e+02
py_puro,64,2,0.009905,0.0529,1.413750e+02
py_puro,64,3,0.009760,0.0537,1.413750e+02
py_puro,64,4,0.009748,0.0538,1.413750e+02
py_puro,64,5,0.009799,0.0535,1.413750e+02
py_puro,128,1,0.077144,0.0544,2.847500e+02
py_puro,128,2,0.076798,0.0546,2.847500e+02
py_puro,128,3,0.075402,0.0556,2.847500e+02
py_puro,128,4,0.075120,0.0558,2.847500e+02
py_puro,128,5,0.082309,0.0510,2.847500e+02
py_puro,256,1,0.616610,0.0544,5.711250e+02
py_puro,256,2,0.619729,0.0541,5.711250e+02
py_puro,256,3,0.612495,0.0548,5.711250e+02
py_puro,256,4,0.673676,0.0498,5.711250e+02
py_puro,256,5,0.636019,0.0528,5.711250e+02
