variant,n,t_mean,t_std,gflops
c_O0,256,0.071582,0.011225360461918367,0.4766
c_O0,512,0.5610784,0.0382055098487116,0.48019999999999996
c_O0,1024,7.945737599999999,0.21408813159607837,0.27040000000000003
c_O2,256,0.0297638,0.00143006422932678,1.1294
c_O2,512,0.21056,0.008011375755761298,1.2766
c_O2,1024,1.9276634000000001,0.033217248099443805,1.1141999999999999
c_O3,256,0.0256674,0.0025824328258446535,1.3194
c_O3,512,0.1944582,0.0056027976226167625,1.3814
c_O3,1024,1.8427278,0.03223172412701504,1.1656
numpy,256,0.0002982,0.00014136725221917555,133.30120000000002
numpy,512,0.0021786,0.0009693256934591181,142.0624
numpy,1024,0.027222999999999997,0.0028550340628440835,79.5716
numpy,2048,0.2714362,0.013147029177726784,63.4082
numpy_1hilo,256,0.0007294000000000001,8.095863141135727e-05,46.4814
numpy_1hilo,512,0.0058988,0.0003320612895234854,45.6252
numpy_1hilo,1024,0.042392200000000005,0.00037070163204388676,50.6608
numpy_1hilo,2048,0.34189860000000005,0.011837136131683204,50.296
py_puro,64,0.009742,0.00014976147702263116,0.05382
py_puro,128,0.07735460000000001,0.002902857178712034,0.054279999999999995
py_puro,256,0.6317058,0.025102206749606722,0.053180000000000005
